"passenger_id","survived","pclass","sex","fare","embarked","age_months","minor","family_size","traveling_alone"
1,0,3,"male",7.2,"S",264,FALSE,2,FALSE
2,1,1,"female",71.3,"C",456,FALSE,2,FALSE
3,1,3,"female",7.9,"S",312,FALSE,1,TRUE
4,1,1,"female",53.1,"S",420,FALSE,2,FALSE
5,0,3,"male",8.1,"S",420,FALSE,1,TRUE
6,0,3,"male",8.5,"Q",NA,NA,1,TRUE
7,0,1,"male",51.9,"S",648,FALSE,1,TRUE
8,0,3,"male",21.1,"S",24,TRUE,5,FALSE
9,1,3,"female",11.1,"S",324,FALSE,3,FALSE
10,1,2,"female",30.1,"C",168,TRUE,2,FALSE
11,1,3,"female",16.7,"S",48,TRUE,3,FALSE
12,1,1,"female",26.6,"S",696,FALSE,1,TRUE
13,0,3,"male",8.1,"S",240,FALSE,1,TRUE
14,0,3,"male",31.3,"S",468,FALSE,7,FALSE
15,0,3,"female",7.9,"S",168,TRUE,1,TRUE
16,1,2,"female",16,"S",660,FALSE,1,TRUE
17,0,3,"male",29.1,"Q",24,TRUE,6,FALSE
18,1,2,"male",13,"S",NA,NA,1,TRUE
19,0,3,"female",18,"S",372,FALSE,2,FALSE
20,1,3,"female",7.2,"C",NA,NA,1,TRUE
21,0,2,"male",26,"S",420,FALSE,1,TRUE
22,1,2,"male",13,"S",408,FALSE,1,TRUE
23,1,3,"female",8,"Q",180,TRUE,1,TRUE
24,1,1,"male",35.5,"S",336,FALSE,1,TRUE
25,0,3,"female",21.1,"S",96,TRUE,5,FALSE
26,1,3,"female",31.4,"S",456,FALSE,7,FALSE
27,0,3,"male",7.2,"C",NA,NA,1,TRUE
28,0,1,"male",263,"S",228,TRUE,6,FALSE
29,1,3,"female",7.9,"Q",NA,NA,1,TRUE
30,0,3,"male",7.9,"S",NA,NA,1,TRUE
31,0,1,"male",27.7,"C",480,FALSE,1,TRUE
32,1,1,"female",146.5,"C",NA,NA,2,FALSE
33,1,3,"female",7.8,"Q",NA,NA,1,TRUE
34,0,2,"male",10.5,"S",792,FALSE,1,TRUE
35,0,1,"male",82.2,"C",336,FALSE,2,FALSE
36,0,1,"male",52,"S",504,FALSE,2,FALSE
37,1,3,"male",7.2,"C",NA,NA,1,TRUE
38,0,3,"male",8.1,"S",252,FALSE,1,TRUE
39,0,3,"female",18,"S",216,TRUE,3,FALSE
40,1,3,"female",11.2,"C",168,TRUE,2,FALSE
41,0,3,"female",9.5,"S",480,FALSE,2,FALSE
42,0,2,"female",21,"S",324,FALSE,2,FALSE
43,0,3,"male",7.9,"C",NA,NA,1,TRUE
44,1,2,"female",41.6,"C",36,TRUE,4,FALSE
45,1,3,"female",7.9,"Q",228,TRUE,1,TRUE
46,0,3,"male",8.1,"S",NA,NA,1,TRUE
47,0,3,"male",15.5,"Q",NA,NA,2,FALSE
48,1,3,"female",7.8,"Q",NA,NA,1,TRUE
49,0,3,"male",21.7,"C",NA,NA,3,FALSE
50,0,3,"female",17.8,"S",216,TRUE,2,FALSE
51,0,3,"male",39.7,"S",84,TRUE,6,FALSE
52,0,3,"male",7.8,"S",252,FALSE,1,TRUE
53,1,1,"female",76.7,"C",588,FALSE,2,FALSE
54,1,2,"female",26,"S",348,FALSE,2,FALSE
55,0,1,"male",62,"C",780,FALSE,2,FALSE
56,1,1,"male",35.5,"S",NA,NA,1,TRUE
57,1,2,"female",10.5,"S",252,FALSE,1,TRUE
58,0,3,"male",7.2,"C",342,FALSE,1,TRUE
59,1,2,"female",27.8,"S",60,TRUE,4,FALSE
60,0,3,"male",46.9,"S",132,TRUE,8,FALSE
61,0,3,"male",7.2,"C",264,FALSE,1,TRUE
62,1,1,"female",80,"",456,FALSE,1,TRUE
63,0,1,"male",83.5,"S",540,FALSE,2,FALSE
64,0,3,"male",27.9,"S",48,TRUE,6,FALSE
65,0,1,"male",27.7,"C",NA,NA,1,TRUE
66,1,3,"male",15.2,"C",NA,NA,3,FALSE
67,1,2,"female",10.5,"S",348,FALSE,1,TRUE
68,0,3,"male",8.2,"S",228,TRUE,1,TRUE
69,1,3,"female",7.9,"S",204,TRUE,7,FALSE
70,0,3,"male",8.7,"S",312,FALSE,3,FALSE
71,0,2,"male",10.5,"S",384,FALSE,1,TRUE
72,0,3,"female",46.9,"S",192,TRUE,8,FALSE
73,0,2,"male",73.5,"S",252,FALSE,1,TRUE
74,0,3,"male",14.5,"C",312,FALSE,2,FALSE
75,1,3,"male",56.5,"S",384,FALSE,1,TRUE
76,0,3,"male",7.7,"S",300,FALSE,1,TRUE
77,0,3,"male",7.9,"S",NA,NA,1,TRUE
78,0,3,"male",8.1,"S",NA,NA,1,TRUE
79,1,2,"male",29,"S",10,TRUE,3,FALSE
80,1,3,"female",12.5,"S",360,FALSE,1,TRUE
81,0,3,"male",9,"S",264,FALSE,1,TRUE
82,1,3,"male",9.5,"S",348,FALSE,1,TRUE
83,1,3,"female",7.8,"Q",NA,NA,1,TRUE
84,0,1,"male",47.1,"S",336,FALSE,1,TRUE
85,1,2,"female",10.5,"S",204,TRUE,1,TRUE
86,1,3,"female",15.8,"S",396,FALSE,4,FALSE
87,0,3,"male",34.4,"S",192,TRUE,5,FALSE
88,0,3,"male",8.1,"S",NA,NA,1,TRUE
89,1,1,"female",263,"S",276,FALSE,6,FALSE
90,0,3,"male",8.1,"S",288,FALSE,1,TRUE
91,0,3,"male",8.1,"S",348,FALSE,1,TRUE
92,0,3,"male",7.9,"S",240,FALSE,1,TRUE
93,0,1,"male",61.2,"S",552,FALSE,2,FALSE
94,0,3,"male",20.6,"S",312,FALSE,4,FALSE
95,0,3,"male",7.2,"S",708,FALSE,1,TRUE
96,0,3,"male",8.1,"S",NA,NA,1,TRUE
97,0,1,"male",34.7,"C",852,FALSE,1,TRUE
98,1,1,"male",63.4,"C",276,FALSE,2,FALSE
99,1,2,"female",23,"S",408,FALSE,2,FALSE
100,0,2,"male",26,"S",408,FALSE,2,FALSE
101,0,3,"female",7.9,"S",336,FALSE,1,TRUE
102,0,3,"male",7.9,"S",NA,NA,1,TRUE
103,0,1,"male",77.3,"S",252,FALSE,2,FALSE
104,0,3,"male",8.7,"S",396,FALSE,1,TRUE
105,0,3,"male",7.9,"S",444,FALSE,3,FALSE
106,0,3,"male",7.9,"S",336,FALSE,1,TRUE
107,1,3,"female",7.7,"S",252,FALSE,1,TRUE
108,1,3,"male",7.8,"S",NA,NA,1,TRUE
109,0,3,"male",7.9,"S",456,FALSE,1,TRUE
110,1,3,"female",24.1,"Q",NA,NA,2,FALSE
111,0,1,"male",52,"S",564,FALSE,1,TRUE
112,0,3,"female",14.5,"C",174,TRUE,2,FALSE
113,0,3,"male",8.1,"S",264,FALSE,1,TRUE
114,0,3,"female",9.8,"S",240,FALSE,2,FALSE
115,0,3,"female",14.5,"C",204,TRUE,1,TRUE
116,0,3,"male",7.9,"S",252,FALSE,1,TRUE
117,0,3,"male",7.8,"Q",846,FALSE,1,TRUE
118,0,2,"male",21,"S",348,FALSE,2,FALSE
119,0,1,"male",247.5,"C",288,FALSE,2,FALSE
120,0,3,"female",31.3,"S",24,TRUE,7,FALSE
121,0,2,"male",73.5,"S",252,FALSE,3,FALSE
122,0,3,"male",8.1,"S",NA,NA,1,TRUE
123,0,2,"male",30.1,"C",390,FALSE,2,FALSE
124,1,2,"female",13,"S",390,FALSE,1,TRUE
125,0,1,"male",77.3,"S",648,FALSE,2,FALSE
126,1,3,"male",11.2,"C",144,TRUE,2,FALSE
127,0,3,"male",7.8,"Q",NA,NA,1,TRUE
128,1,3,"male",7.1,"S",288,FALSE,1,TRUE
129,1,3,"female",22.4,"C",NA,NA,3,FALSE
130,0,3,"male",7,"S",540,FALSE,1,TRUE
131,0,3,"male",7.9,"C",396,FALSE,1,TRUE
132,0,3,"male",7,"S",240,FALSE,1,TRUE
133,0,3,"female",14.5,"S",564,FALSE,2,FALSE
134,1,2,"female",26,"S",348,FALSE,2,FALSE
135,0,2,"male",13,"S",300,FALSE,1,TRUE
136,0,2,"male",15,"C",276,FALSE,1,TRUE
137,1,1,"female",26.3,"S",228,TRUE,3,FALSE
138,0,1,"male",53.1,"S",444,FALSE,2,FALSE
139,0,3,"male",9.2,"S",192,TRUE,1,TRUE
140,0,1,"male",79.2,"C",288,FALSE,1,TRUE
141,0,3,"female",15.2,"C",NA,NA,3,FALSE
142,1,3,"female",7.8,"S",264,FALSE,1,TRUE
143,1,3,"female",15.8,"S",288,FALSE,2,FALSE
144,0,3,"male",6.8,"Q",228,TRUE,1,TRUE
145,0,2,"male",11.5,"S",216,TRUE,1,TRUE
146,0,2,"male",36.8,"S",228,TRUE,3,FALSE
147,1,3,"male",7.8,"S",324,FALSE,1,TRUE
148,0,3,"female",34.4,"S",108,TRUE,5,FALSE
149,0,2,"male",26,"S",438,FALSE,3,FALSE
150,0,2,"male",13,"S",504,FALSE,1,TRUE
151,0,2,"male",12.5,"S",612,FALSE,1,TRUE
152,1,1,"female",66.6,"S",264,FALSE,2,FALSE
153,0,3,"male",8.1,"S",666,FALSE,1,TRUE
154,0,3,"male",14.5,"S",486,FALSE,3,FALSE
155,0,3,"male",7.3,"S",NA,NA,1,TRUE
156,0,1,"male",61.4,"C",612,FALSE,2,FALSE
157,1,3,"female",7.7,"Q",192,TRUE,1,TRUE
158,0,3,"male",8.1,"S",360,FALSE,1,TRUE
159,0,3,"male",8.7,"S",NA,NA,1,TRUE
160,0,3,"male",69.6,"S",NA,NA,11,FALSE
161,0,3,"male",16.1,"S",528,FALSE,2,FALSE
162,1,2,"female",15.8,"S",480,FALSE,1,TRUE
163,0,3,"male",7.8,"S",312,FALSE,1,TRUE
164,0,3,"male",8.7,"S",204,TRUE,1,TRUE
165,0,3,"male",39.7,"S",12,TRUE,6,FALSE
166,1,3,"male",20.5,"S",108,TRUE,3,FALSE
167,1,1,"female",55,"S",NA,NA,2,FALSE
168,0,3,"female",27.9,"S",540,FALSE,6,FALSE
169,0,1,"male",25.9,"S",NA,NA,1,TRUE
170,0,3,"male",56.5,"S",336,FALSE,1,TRUE
171,0,1,"male",33.5,"S",732,FALSE,1,TRUE
172,0,3,"male",29.1,"Q",48,TRUE,6,FALSE
173,1,3,"female",11.1,"S",12,TRUE,3,FALSE
174,0,3,"male",7.9,"S",252,FALSE,1,TRUE
175,0,1,"male",30.7,"C",672,FALSE,1,TRUE
176,0,3,"male",7.9,"S",216,TRUE,3,FALSE
177,0,3,"male",25.5,"S",NA,NA,5,FALSE
178,0,1,"female",28.7,"C",600,FALSE,1,TRUE
179,0,2,"male",13,"S",360,FALSE,1,TRUE
180,0,3,"male",0,"S",432,FALSE,1,TRUE
181,0,3,"female",69.6,"S",NA,NA,11,FALSE
182,0,2,"male",15.1,"C",NA,NA,1,TRUE
183,0,3,"male",31.4,"S",108,TRUE,7,FALSE
184,1,2,"male",39,"S",12,TRUE,4,FALSE
185,1,3,"female",22,"S",48,TRUE,3,FALSE
186,0,1,"male",50,"S",NA,NA,1,TRUE
187,1,3,"female",15.5,"Q",NA,NA,2,FALSE
188,1,1,"male",26.6,"S",540,FALSE,1,TRUE
189,0,3,"male",15.5,"Q",480,FALSE,3,FALSE
190,0,3,"male",7.9,"S",432,FALSE,1,TRUE
191,1,2,"female",13,"S",384,FALSE,1,TRUE
192,0,2,"male",13,"S",228,TRUE,1,TRUE
193,1,3,"female",7.9,"S",228,TRUE,2,FALSE
194,1,2,"male",26,"S",36,TRUE,3,FALSE
195,1,1,"female",27.7,"C",528,FALSE,1,TRUE
196,1,1,"female",146.5,"C",696,FALSE,1,TRUE
197,0,3,"male",7.8,"Q",NA,NA,1,TRUE
198,0,3,"male",8.4,"S",504,FALSE,2,FALSE
199,1,3,"female",7.8,"Q",NA,NA,1,TRUE
200,0,2,"female",13,"S",288,FALSE,1,TRUE
201,0,3,"male",9.5,"S",336,FALSE,1,TRUE
202,0,3,"male",69.6,"S",NA,NA,11,FALSE
203,0,3,"male",6.5,"S",408,FALSE,1,TRUE
204,0,3,"male",7.2,"C",546,FALSE,1,TRUE
205,1,3,"male",8.1,"S",216,TRUE,1,TRUE
206,0,3,"female",10.5,"S",24,TRUE,2,FALSE
207,0,3,"male",15.8,"S",384,FALSE,2,FALSE
208,1,3,"male",18.8,"C",312,FALSE,1,TRUE
209,1,3,"female",7.8,"Q",192,TRUE,1,TRUE
210,1,1,"male",31,"C",480,FALSE,1,TRUE
211,0,3,"male",7,"S",288,FALSE,1,TRUE
212,1,2,"female",21,"S",420,FALSE,1,TRUE
213,0,3,"male",7.2,"S",264,FALSE,1,TRUE
214,0,2,"male",13,"S",360,FALSE,1,TRUE
215,0,3,"male",7.8,"Q",NA,NA,2,FALSE
216,1,1,"female",113.3,"C",372,FALSE,2,FALSE
217,1,3,"female",7.9,"S",324,FALSE,1,TRUE
218,0,2,"male",27,"S",504,FALSE,2,FALSE
219,1,1,"female",76.3,"C",384,FALSE,1,TRUE
220,0,2,"male",10.5,"S",360,FALSE,1,TRUE
221,1,3,"male",8.1,"S",192,TRUE,1,TRUE
222,0,2,"male",13,"S",324,FALSE,1,TRUE
223,0,3,"male",8.1,"S",612,FALSE,1,TRUE
224,0,3,"male",7.9,"S",NA,NA,1,TRUE
225,1,1,"male",90,"S",456,FALSE,2,FALSE
226,0,3,"male",9.3,"S",264,FALSE,1,TRUE
227,1,2,"male",10.5,"S",228,TRUE,1,TRUE
228,0,3,"male",7.2,"S",246,FALSE,1,TRUE
229,0,2,"male",13,"S",216,TRUE,1,TRUE
230,0,3,"female",25.5,"S",NA,NA,5,FALSE
231,1,1,"female",83.5,"S",420,FALSE,2,FALSE
232,0,3,"male",7.8,"S",348,FALSE,1,TRUE
233,0,2,"male",13.5,"S",708,FALSE,1,TRUE
234,1,3,"female",31.4,"S",60,TRUE,7,FALSE
235,0,2,"male",10.5,"S",288,FALSE,1,TRUE
236,0,3,"female",7.6,"S",NA,NA,1,TRUE
237,0,2,"male",26,"S",528,FALSE,2,FALSE
238,1,2,"female",26.2,"S",96,TRUE,3,FALSE
239,0,2,"male",10.5,"S",228,TRUE,1,TRUE
240,0,2,"male",12.3,"S",396,FALSE,1,TRUE
241,0,3,"female",14.5,"C",NA,NA,2,FALSE
242,1,3,"female",15.5,"Q",NA,NA,2,FALSE
243,0,2,"male",10.5,"S",348,FALSE,1,TRUE
244,0,3,"male",7.1,"S",264,FALSE,1,TRUE
245,0,3,"male",7.2,"C",360,FALSE,1,TRUE
246,0,1,"male",90,"Q",528,FALSE,3,FALSE
247,0,3,"female",7.8,"S",300,FALSE,1,TRUE
248,1,2,"female",14.5,"S",288,FALSE,3,FALSE
249,1,1,"male",52.6,"S",444,FALSE,3,FALSE
250,0,2,"male",26,"S",648,FALSE,2,FALSE
251,0,3,"male",7.2,"S",NA,NA,1,TRUE
252,0,3,"female",10.5,"S",348,FALSE,3,FALSE
253,0,1,"male",26.6,"S",744,FALSE,1,TRUE
254,0,3,"male",16.1,"S",360,FALSE,2,FALSE
255,0,3,"female",20.2,"S",492,FALSE,3,FALSE
256,1,3,"female",15.2,"C",348,FALSE,3,FALSE
257,1,1,"female",79.2,"C",NA,NA,1,TRUE
258,1,1,"female",86.5,"S",360,FALSE,1,TRUE
259,1,1,"female",512.3,"C",420,FALSE,1,TRUE
260,1,2,"female",26,"S",600,FALSE,2,FALSE
261,0,3,"male",7.8,"Q",NA,NA,1,TRUE
262,1,3,"male",31.4,"S",36,TRUE,7,FALSE
263,0,1,"male",79.7,"S",624,FALSE,3,FALSE
264,0,1,"male",0,"S",480,FALSE,1,TRUE
265,0,3,"female",7.8,"Q",NA,NA,1,TRUE
266,0,2,"male",10.5,"S",432,FALSE,1,TRUE
267,0,3,"male",39.7,"S",192,TRUE,6,FALSE
268,1,3,"male",7.8,"S",300,FALSE,2,FALSE
269,1,1,"female",153.5,"S",696,FALSE,2,FALSE
270,1,1,"female",135.6,"S",420,FALSE,1,TRUE
271,0,1,"male",31,"S",NA,NA,1,TRUE
272,1,3,"male",0,"S",300,FALSE,1,TRUE
273,1,2,"female",19.5,"S",492,FALSE,2,FALSE
274,0,1,"male",29.7,"C",444,FALSE,2,FALSE
275,1,3,"female",7.8,"Q",NA,NA,1,TRUE
276,1,1,"female",78,"S",756,FALSE,2,FALSE
277,0,3,"female",7.8,"S",540,FALSE,1,TRUE
278,0,2,"male",0,"S",NA,NA,1,TRUE
279,0,3,"male",29.1,"Q",84,TRUE,6,FALSE
280,1,3,"female",20.2,"S",420,FALSE,3,FALSE
281,0,3,"male",7.8,"Q",780,FALSE,1,TRUE
282,0,3,"male",7.9,"S",336,FALSE,1,TRUE
283,0,3,"male",9.5,"S",192,TRUE,1,TRUE
284,1,3,"male",8.1,"S",228,TRUE,1,TRUE
285,0,1,"male",26,"S",NA,NA,1,TRUE
286,0,3,"male",8.7,"C",396,FALSE,1,TRUE
287,1,3,"male",9.5,"S",360,FALSE,1,TRUE
288,0,3,"male",7.9,"S",264,FALSE,1,TRUE
289,1,2,"male",13,"S",504,FALSE,1,TRUE
290,1,3,"female",7.8,"Q",264,FALSE,1,TRUE
291,1,1,"female",78.8,"S",312,FALSE,1,TRUE
292,1,1,"female",91.1,"C",228,TRUE,2,FALSE
293,0,2,"male",12.9,"C",432,FALSE,1,TRUE
294,0,3,"female",8.8,"S",288,FALSE,1,TRUE
295,0,3,"male",7.9,"S",288,FALSE,1,TRUE
296,0,1,"male",27.7,"C",NA,NA,1,TRUE
297,0,3,"male",7.2,"C",282,FALSE,1,TRUE
298,0,1,"female",151.6,"S",24,TRUE,4,FALSE
299,1,1,"male",30.5,"S",NA,NA,1,TRUE
300,1,1,"female",247.5,"C",600,FALSE,2,FALSE
301,1,3,"female",7.8,"Q",NA,NA,1,TRUE
302,1,3,"male",23.2,"Q",NA,NA,3,FALSE
303,0,3,"male",0,"S",228,TRUE,1,TRUE
304,1,2,"female",12.3,"Q",NA,NA,1,TRUE
305,0,3,"male",8.1,"S",NA,NA,1,TRUE
306,1,1,"male",151.6,"S",11,TRUE,4,FALSE
307,1,1,"female",110.9,"C",NA,NA,1,TRUE
308,1,1,"female",108.9,"C",204,TRUE,2,FALSE
309,0,2,"male",24,"C",360,FALSE,2,FALSE
310,1,1,"female",56.9,"C",360,FALSE,1,TRUE
311,1,1,"female",83.2,"C",288,FALSE,1,TRUE
312,1,1,"female",262.4,"C",216,TRUE,5,FALSE
313,0,2,"female",26,"S",312,FALSE,3,FALSE
314,0,3,"male",7.9,"S",336,FALSE,1,TRUE
315,0,2,"male",26.2,"S",516,FALSE,3,FALSE
316,1,3,"female",7.9,"S",312,FALSE,1,TRUE
317,1,2,"female",26,"S",288,FALSE,2,FALSE
318,0,2,"male",14,"S",648,FALSE,1,TRUE
319,1,1,"female",164.9,"S",372,FALSE,3,FALSE
320,1,1,"female",134.5,"C",480,FALSE,3,FALSE
321,0,3,"male",7.2,"S",264,FALSE,1,TRUE
322,0,3,"male",7.9,"S",324,FALSE,1,TRUE
323,1,2,"female",12.3,"Q",360,FALSE,1,TRUE
324,1,2,"female",29,"S",264,FALSE,3,FALSE
325,0,3,"male",69.6,"S",NA,NA,11,FALSE
326,1,1,"female",135.6,"C",432,FALSE,1,TRUE
327,0,3,"male",6.2,"S",732,FALSE,1,TRUE
328,1,2,"female",13,"S",432,FALSE,1,TRUE
329,1,3,"female",20.5,"S",372,FALSE,3,FALSE
330,1,1,"female",58,"C",192,TRUE,2,FALSE
331,1,3,"female",23.2,"Q",NA,NA,3,FALSE
332,0,1,"male",28.5,"S",546,FALSE,1,TRUE
333,0,1,"male",153.5,"S",456,FALSE,2,FALSE
334,0,3,"male",18,"S",192,TRUE,3,FALSE
335,1,1,"female",133.7,"S",NA,NA,2,FALSE
336,0,3,"male",7.9,"S",NA,NA,1,TRUE
337,0,1,"male",66.6,"S",348,FALSE,2,FALSE
338,1,1,"female",134.5,"C",492,FALSE,1,TRUE
339,1,3,"male",8.1,"S",540,FALSE,1,TRUE
340,0,1,"male",35.5,"S",540,FALSE,1,TRUE
341,1,2,"male",26,"S",24,TRUE,3,FALSE
342,1,1,"female",263,"S",288,FALSE,6,FALSE
343,0,2,"male",13,"S",336,FALSE,1,TRUE
344,0,2,"male",13,"S",300,FALSE,1,TRUE
345,0,2,"male",13,"S",432,FALSE,1,TRUE
346,1,2,"female",13,"S",288,FALSE,1,TRUE
347,1,2,"female",13,"S",480,FALSE,1,TRUE
348,1,3,"female",16.1,"S",NA,NA,2,FALSE
349,1,3,"male",15.9,"S",36,TRUE,3,FALSE
350,0,3,"male",8.7,"S",504,FALSE,1,TRUE
351,0,3,"male",9.2,"S",276,FALSE,1,TRUE
352,0,1,"male",35,"S",NA,NA,1,TRUE
353,0,3,"male",7.2,"C",180,TRUE,3,FALSE
354,0,3,"male",17.8,"S",300,FALSE,2,FALSE
355,0,3,"male",7.2,"C",NA,NA,1,TRUE
356,0,3,"male",9.5,"S",336,FALSE,1,TRUE
357,1,1,"female",55,"S",264,FALSE,2,FALSE
358,0,2,"female",13,"S",456,FALSE,1,TRUE
359,1,3,"female",7.9,"Q",NA,NA,1,TRUE
360,1,3,"female",7.9,"Q",NA,NA,1,TRUE
361,0,3,"male",27.9,"S",480,FALSE,6,FALSE
362,0,2,"male",27.7,"C",348,FALSE,2,FALSE
363,0,3,"female",14.5,"C",540,FALSE,2,FALSE
364,0,3,"male",7,"S",420,FALSE,1,TRUE
365,0,3,"male",15.5,"Q",NA,NA,2,FALSE
366,0,3,"male",7.2,"S",360,FALSE,1,TRUE
367,1,1,"female",75.2,"C",720,FALSE,2,FALSE
368,1,3,"female",7.2,"C",NA,NA,1,TRUE
369,1,3,"female",7.8,"Q",NA,NA,1,TRUE
370,1,1,"female",69.3,"C",288,FALSE,1,TRUE
371,1,1,"male",55.4,"C",300,FALSE,2,FALSE
372,0,3,"male",6.5,"S",216,TRUE,2,FALSE
373,0,3,"male",8.1,"S",228,TRUE,1,TRUE
374,0,1,"male",135.6,"C",264,FALSE,1,TRUE
375,0,3,"female",21.1,"S",36,TRUE,5,FALSE
376,1,1,"female",82.2,"C",NA,NA,2,FALSE
377,1,3,"female",7.2,"S",264,FALSE,1,TRUE
378,0,1,"male",211.5,"C",324,FALSE,3,FALSE
379,0,3,"male",4,"C",240,FALSE,1,TRUE
380,0,3,"male",7.8,"S",228,TRUE,1,TRUE
381,1,1,"female",227.5,"C",504,FALSE,1,TRUE
382,1,3,"female",15.7,"C",12,TRUE,3,FALSE
383,0,3,"male",7.9,"S",384,FALSE,1,TRUE
384,1,1,"female",52,"S",420,FALSE,2,FALSE
385,0,3,"male",7.9,"S",NA,NA,1,TRUE
386,0,2,"male",73.5,"S",216,TRUE,1,TRUE
387,0,3,"male",46.9,"S",12,TRUE,8,FALSE
388,1,2,"female",13,"S",432,FALSE,1,TRUE
389,0,3,"male",7.7,"Q",NA,NA,1,TRUE
390,1,2,"female",12,"C",204,TRUE,1,TRUE
391,1,1,"male",120,"S",432,FALSE,4,FALSE
392,1,3,"male",7.8,"S",252,FALSE,1,TRUE
393,0,3,"male",7.9,"S",336,FALSE,3,FALSE
394,1,1,"female",113.3,"C",276,FALSE,2,FALSE
395,1,3,"female",16.7,"S",288,FALSE,3,FALSE
396,0,3,"male",7.8,"S",264,FALSE,1,TRUE
397,0,3,"female",7.9,"S",372,FALSE,1,TRUE
398,0,2,"male",26,"S",552,FALSE,1,TRUE
399,0,2,"male",10.5,"S",276,FALSE,1,TRUE
400,1,2,"female",12.7,"S",336,FALSE,1,TRUE
401,1,3,"male",7.9,"S",468,FALSE,1,TRUE
402,0,3,"male",8.1,"S",312,FALSE,1,TRUE
403,0,3,"female",9.8,"S",252,FALSE,2,FALSE
404,0,3,"male",15.8,"S",336,FALSE,2,FALSE
405,0,3,"female",8.7,"S",240,FALSE,1,TRUE
406,0,2,"male",21,"S",408,FALSE,2,FALSE
407,0,3,"male",7.8,"S",612,FALSE,1,TRUE
408,1,2,"male",18.8,"S",36,TRUE,3,FALSE
409,0,3,"male",7.8,"S",252,FALSE,1,TRUE
410,0,3,"female",25.5,"S",NA,NA,5,FALSE
411,0,3,"male",7.9,"S",NA,NA,1,TRUE
412,0,3,"male",6.9,"Q",NA,NA,1,TRUE
413,1,1,"female",90,"Q",396,FALSE,2,FALSE
414,0,2,"male",0,"S",NA,NA,1,TRUE
415,1,3,"male",7.9,"S",528,FALSE,1,TRUE
416,0,3,"female",8.1,"S",NA,NA,1,TRUE
417,1,2,"female",32.5,"S",408,FALSE,3,FALSE
418,1,2,"female",13,"S",216,TRUE,3,FALSE
419,0,2,"male",13,"S",360,FALSE,1,TRUE
420,0,3,"female",24.1,"S",120,TRUE,3,FALSE
421,0,3,"male",7.9,"C",NA,NA,1,TRUE
422,0,3,"male",7.7,"Q",252,FALSE,1,TRUE
423,0,3,"male",7.9,"S",348,FALSE,1,TRUE
424,0,3,"female",14.4,"S",336,FALSE,3,FALSE
425,0,3,"male",20.2,"S",216,TRUE,3,FALSE
426,0,3,"male",7.2,"S",NA,NA,1,TRUE
427,1,2,"female",26,"S",336,FALSE,2,FALSE
428,1,2,"female",26,"S",228,TRUE,1,TRUE
429,0,3,"male",7.8,"Q",NA,NA,1,TRUE
430,1,3,"male",8.1,"S",384,FALSE,1,TRUE
431,1,1,"male",26.6,"S",336,FALSE,1,TRUE
432,1,3,"female",16.1,"S",NA,NA,2,FALSE
433,1,2,"female",26,"S",504,FALSE,2,FALSE
434,0,3,"male",7.1,"S",204,TRUE,1,TRUE
435,0,1,"male",55.9,"S",600,FALSE,2,FALSE
436,1,1,"female",120,"S",168,TRUE,4,FALSE
437,0,3,"female",34.4,"S",252,FALSE,5,FALSE
438,1,2,"female",18.8,"S",288,FALSE,6,FALSE
439,0,1,"male",263,"S",768,FALSE,6,FALSE
440,0,2,"male",10.5,"S",372,FALSE,1,TRUE
441,1,2,"female",26.2,"S",540,FALSE,3,FALSE
442,0,3,"male",9.5,"S",240,FALSE,1,TRUE
443,0,3,"male",7.8,"S",300,FALSE,2,FALSE
444,1,2,"female",13,"S",336,FALSE,1,TRUE
445,1,3,"male",8.1,"S",NA,NA,1,TRUE
446,1,1,"male",81.9,"S",48,TRUE,3,FALSE
447,1,2,"female",19.5,"S",156,TRUE,2,FALSE
448,1,1,"male",26.6,"S",408,FALSE,1,TRUE
449,1,3,"female",19.3,"C",60,TRUE,4,FALSE
450,1,1,"male",30.5,"S",624,FALSE,1,TRUE
451,0,2,"male",27.8,"S",432,FALSE,4,FALSE
452,0,3,"male",20,"S",NA,NA,2,FALSE
453,0,1,"male",27.8,"C",360,FALSE,1,TRUE
454,1,1,"male",89.1,"C",588,FALSE,2,FALSE
455,0,3,"male",8.1,"S",NA,NA,1,TRUE
456,1,3,"male",7.9,"C",348,FALSE,1,TRUE
457,0,1,"male",26.6,"S",780,FALSE,1,TRUE
458,1,1,"female",51.9,"S",NA,NA,2,FALSE
459,1,2,"female",10.5,"S",600,FALSE,1,TRUE
460,0,3,"male",7.8,"Q",NA,NA,1,TRUE
461,1,1,"male",26.6,"S",576,FALSE,1,TRUE
462,0,3,"male",8.1,"S",408,FALSE,1,TRUE
463,0,1,"male",38.5,"S",564,FALSE,1,TRUE
464,0,2,"male",13,"S",576,FALSE,1,TRUE
465,0,3,"male",8.1,"S",NA,NA,1,TRUE
466,0,3,"male",7,"S",456,FALSE,1,TRUE
467,0,2,"male",0,"S",NA,NA,1,TRUE
468,0,1,"male",26.6,"S",672,FALSE,1,TRUE
469,0,3,"male",7.7,"Q",NA,NA,1,TRUE
470,1,3,"female",19.3,"C",9,TRUE,4,FALSE
471,0,3,"male",7.2,"S",NA,NA,1,TRUE
472,0,3,"male",8.7,"S",456,FALSE,1,TRUE
473,1,2,"female",27.8,"S",396,FALSE,4,FALSE
474,1,2,"female",13.8,"C",276,FALSE,1,TRUE
475,0,3,"female",9.8,"S",264,FALSE,1,TRUE
476,0,1,"male",52,"S",NA,NA,1,TRUE
477,0,2,"male",21,"S",408,FALSE,2,FALSE
478,0,3,"male",7,"S",348,FALSE,2,FALSE
479,0,3,"male",7.5,"S",264,FALSE,1,TRUE
480,1,3,"female",12.3,"S",24,TRUE,2,FALSE
481,0,3,"male",46.9,"S",108,TRUE,8,FALSE
482,0,2,"male",0,"S",NA,NA,1,TRUE
483,0,3,"male",8.1,"S",600,FALSE,1,TRUE
484,1,3,"female",9.6,"S",756,FALSE,1,TRUE
485,1,1,"male",91.1,"C",300,FALSE,2,FALSE
486,0,3,"female",25.5,"S",NA,NA,5,FALSE
487,1,1,"female",90,"S",420,FALSE,2,FALSE
488,0,1,"male",29.7,"C",696,FALSE,1,TRUE
489,0,3,"male",8.1,"S",360,FALSE,1,TRUE
490,1,3,"male",15.9,"S",108,TRUE,3,FALSE
491,0,3,"male",20,"S",NA,NA,2,FALSE
492,0,3,"male",7.2,"S",252,FALSE,1,TRUE
493,0,1,"male",30.5,"S",660,FALSE,1,TRUE
494,0,1,"male",49.5,"C",852,FALSE,1,TRUE
495,0,3,"male",8.1,"S",252,FALSE,1,TRUE
496,0,3,"male",14.5,"C",NA,NA,1,TRUE
497,1,1,"female",78.3,"C",648,FALSE,2,FALSE
498,0,3,"male",15.1,"S",NA,NA,1,TRUE
499,0,1,"female",151.6,"S",300,FALSE,4,FALSE
500,0,3,"male",7.8,"S",288,FALSE,1,TRUE
501,0,3,"male",8.7,"S",204,TRUE,1,TRUE
502,0,3,"female",7.8,"Q",252,FALSE,1,TRUE
503,0,3,"female",7.6,"Q",NA,NA,1,TRUE
504,0,3,"female",9.6,"S",444,FALSE,1,TRUE
505,1,1,"female",86.5,"S",192,TRUE,1,TRUE
506,0,1,"male",108.9,"C",216,TRUE,2,FALSE
507,1,2,"female",26,"S",396,FALSE,3,FALSE
508,1,1,"male",26.6,"S",NA,NA,1,TRUE
509,0,3,"male",22.5,"S",336,FALSE,1,TRUE
510,1,3,"male",56.5,"S",312,FALSE,1,TRUE
511,1,3,"male",7.8,"Q",348,FALSE,1,TRUE
512,0,3,"male",8.1,"S",NA,NA,1,TRUE
513,1,1,"male",26.3,"S",432,FALSE,1,TRUE
514,1,1,"female",59.4,"C",648,FALSE,2,FALSE
515,0,3,"male",7.5,"S",288,FALSE,1,TRUE
516,0,1,"male",34,"S",564,FALSE,1,TRUE
517,1,2,"female",10.5,"S",408,FALSE,1,TRUE
518,0,3,"male",24.1,"Q",NA,NA,1,TRUE
519,1,2,"female",26,"S",432,FALSE,2,FALSE
520,0,3,"male",7.9,"S",384,FALSE,1,TRUE
521,1,1,"female",93.5,"S",360,FALSE,1,TRUE
522,0,3,"male",7.9,"S",264,FALSE,1,TRUE
523,0,3,"male",7.2,"C",NA,NA,1,TRUE
524,1,1,"female",58,"C",528,FALSE,2,FALSE
525,0,3,"male",7.2,"C",NA,NA,1,TRUE
526,0,3,"male",7.8,"Q",486,FALSE,1,TRUE
527,1,2,"female",10.5,"S",600,FALSE,1,TRUE
528,0,1,"male",221.8,"S",NA,NA,1,TRUE
529,0,3,"male",7.9,"S",468,FALSE,1,TRUE
530,0,2,"male",11.5,"S",276,FALSE,4,FALSE
531,1,2,"female",26,"S",24,TRUE,3,FALSE
532,0,3,"male",7.2,"C",NA,NA,1,TRUE
533,0,3,"male",7.2,"C",204,TRUE,3,FALSE
534,1,3,"female",22.4,"C",NA,NA,3,FALSE
535,0,3,"female",8.7,"S",360,FALSE,1,TRUE
536,1,2,"female",26.2,"S",84,TRUE,3,FALSE
537,0,1,"male",26.6,"S",540,FALSE,1,TRUE
538,1,1,"female",106.4,"C",360,FALSE,1,TRUE
539,0,3,"male",14.5,"S",NA,NA,1,TRUE
540,1,1,"female",49.5,"C",264,FALSE,3,FALSE
541,1,1,"female",71,"S",432,FALSE,3,FALSE
542,0,3,"female",31.3,"S",108,TRUE,7,FALSE
543,0,3,"female",31.3,"S",132,TRUE,7,FALSE
544,1,2,"male",26,"S",384,FALSE,2,FALSE
545,0,1,"male",106.4,"C",600,FALSE,2,FALSE
546,0,1,"male",26,"S",768,FALSE,1,TRUE
547,1,2,"female",26,"S",228,TRUE,2,FALSE
548,1,2,"male",13.9,"C",NA,NA,1,TRUE
549,0,3,"male",20.5,"S",396,FALSE,3,FALSE
550,1,2,"male",36.8,"S",96,TRUE,3,FALSE
551,1,1,"male",110.9,"C",204,TRUE,3,FALSE
552,0,2,"male",26,"S",324,FALSE,1,TRUE
553,0,3,"male",7.8,"Q",NA,NA,1,TRUE
554,1,3,"male",7.2,"C",264,FALSE,1,TRUE
555,1,3,"female",7.8,"S",264,FALSE,1,TRUE
556,0,1,"male",26.6,"S",744,FALSE,1,TRUE
557,1,1,"female",39.6,"C",576,FALSE,2,FALSE
558,0,1,"male",227.5,"C",NA,NA,1,TRUE
559,1,1,"female",79.7,"S",468,FALSE,3,FALSE
560,1,3,"female",17.4,"S",432,FALSE,2,FALSE
561,0,3,"male",7.8,"Q",NA,NA,1,TRUE
562,0,3,"male",7.9,"S",480,FALSE,1,TRUE
563,0,2,"male",13.5,"S",336,FALSE,1,TRUE
564,0,3,"male",8.1,"S",NA,NA,1,TRUE
565,0,3,"female",8.1,"S",NA,NA,1,TRUE
566,0,3,"male",24.1,"S",288,FALSE,3,FALSE
567,0,3,"male",7.9,"S",228,TRUE,1,TRUE
568,0,3,"female",21.1,"S",348,FALSE,5,FALSE
569,0,3,"male",7.2,"C",NA,NA,1,TRUE
570,1,3,"male",7.9,"S",384,FALSE,1,TRUE
571,1,2,"male",10.5,"S",744,FALSE,1,TRUE
572,1,1,"female",51.5,"S",636,FALSE,3,FALSE
573,1,1,"male",26.4,"S",432,FALSE,1,TRUE
574,1,3,"female",7.8,"Q",NA,NA,1,TRUE
575,0,3,"male",8.1,"S",192,TRUE,1,TRUE
576,0,3,"male",14.5,"S",228,TRUE,1,TRUE
577,1,2,"female",13,"S",408,FALSE,1,TRUE
578,1,1,"female",55.9,"S",468,FALSE,2,FALSE
579,0,3,"female",14.5,"C",NA,NA,2,FALSE
580,1,3,"male",7.9,"S",384,FALSE,1,TRUE
581,1,2,"female",30,"S",300,FALSE,3,FALSE
582,1,1,"female",110.9,"C",468,FALSE,3,FALSE
583,0,2,"male",26,"S",648,FALSE,1,TRUE
584,0,1,"male",40.1,"C",432,FALSE,1,TRUE
585,0,3,"male",8.7,"C",NA,NA,1,TRUE
586,1,1,"female",79.7,"S",216,TRUE,3,FALSE
587,0,2,"male",15,"S",564,FALSE,1,TRUE
588,1,1,"male",79.2,"C",720,FALSE,3,FALSE
589,0,3,"male",8.1,"S",264,FALSE,1,TRUE
590,0,3,"male",8.1,"S",NA,NA,1,TRUE
591,0,3,"male",7.1,"S",420,FALSE,1,TRUE
592,1,1,"female",78.3,"C",624,FALSE,2,FALSE
593,0,3,"male",7.2,"S",564,FALSE,1,TRUE
594,0,3,"female",7.8,"Q",NA,NA,3,FALSE
595,0,2,"male",26,"S",444,FALSE,2,FALSE
596,0,3,"male",24.1,"S",432,FALSE,3,FALSE
597,1,2,"female",33,"S",NA,NA,1,TRUE
598,0,3,"male",0,"S",588,FALSE,1,TRUE
599,0,3,"male",7.2,"C",NA,NA,1,TRUE
600,1,1,"male",56.9,"C",588,FALSE,2,FALSE
601,1,2,"female",27,"S",288,FALSE,4,FALSE
602,0,3,"male",7.9,"S",NA,NA,1,TRUE
603,0,1,"male",42.4,"S",NA,NA,1,TRUE
604,0,3,"male",8.1,"S",528,FALSE,1,TRUE
605,1,1,"male",26.6,"C",420,FALSE,1,TRUE
606,0,3,"male",15.6,"S",432,FALSE,2,FALSE
607,0,3,"male",7.9,"S",360,FALSE,1,TRUE
608,1,1,"male",30.5,"S",324,FALSE,1,TRUE
609,1,2,"female",41.6,"C",264,FALSE,4,FALSE
610,1,1,"female",153.5,"S",480,FALSE,1,TRUE
611,0,3,"female",31.3,"S",468,FALSE,7,FALSE
612,0,3,"male",7,"S",NA,NA,1,TRUE
613,1,3,"female",15.5,"Q",NA,NA,2,FALSE
614,0,3,"male",7.8,"Q",NA,NA,1,TRUE
615,0,3,"male",8.1,"S",420,FALSE,1,TRUE
616,1,2,"female",65,"S",288,FALSE,4,FALSE
617,0,3,"male",14.4,"S",408,FALSE,3,FALSE
618,0,3,"female",16.1,"S",312,FALSE,2,FALSE
619,1,2,"female",39,"S",48,TRUE,4,FALSE
620,0,2,"male",10.5,"S",312,FALSE,1,TRUE
621,0,3,"male",14.5,"C",324,FALSE,2,FALSE
622,1,1,"male",52.6,"S",504,FALSE,2,FALSE
623,1,3,"male",15.7,"C",240,FALSE,3,FALSE
624,0,3,"male",7.9,"S",252,FALSE,1,TRUE
625,0,3,"male",16.1,"S",252,FALSE,1,TRUE
626,0,1,"male",32.3,"S",732,FALSE,1,TRUE
627,0,2,"male",12.3,"Q",684,FALSE,1,TRUE
628,1,1,"female",78,"S",252,FALSE,1,TRUE
629,0,3,"male",7.9,"S",312,FALSE,1,TRUE
630,0,3,"male",7.7,"Q",NA,NA,1,TRUE
631,1,1,"male",30,"S",960,FALSE,1,TRUE
632,0,3,"male",7.1,"S",612,FALSE,1,TRUE
633,1,1,"male",30.5,"C",384,FALSE,1,TRUE
634,0,1,"male",0,"S",NA,NA,1,TRUE
635,0,3,"female",27.9,"S",108,TRUE,6,FALSE
636,1,2,"female",13,"S",336,FALSE,1,TRUE
637,0,3,"male",7.9,"S",384,FALSE,1,TRUE
638,0,2,"male",26.2,"S",372,FALSE,3,FALSE
639,0,3,"female",39.7,"S",492,FALSE,6,FALSE
640,0,3,"male",16.1,"S",NA,NA,2,FALSE
641,0,3,"male",7.9,"S",240,FALSE,1,TRUE
642,1,1,"female",69.3,"C",288,FALSE,1,TRUE
643,0,3,"female",27.9,"S",24,TRUE,6,FALSE
644,1,3,"male",56.5,"S",NA,NA,1,TRUE
645,1,3,"female",19.3,"C",9,TRUE,4,FALSE
646,1,1,"male",76.7,"C",576,FALSE,2,FALSE
647,0,3,"male",7.9,"S",228,TRUE,1,TRUE
648,1,1,"male",35.5,"C",672,FALSE,1,TRUE
649,0,3,"male",7.6,"S",NA,NA,1,TRUE
650,1,3,"female",7.6,"S",276,FALSE,1,TRUE
651,0,3,"male",7.9,"S",NA,NA,1,TRUE
652,1,2,"female",23,"S",216,TRUE,2,FALSE
653,0,3,"male",8.4,"S",252,FALSE,1,TRUE
654,1,3,"female",7.8,"Q",NA,NA,1,TRUE
655,0,3,"female",6.8,"Q",216,TRUE,1,TRUE
656,0,2,"male",73.5,"S",288,FALSE,3,FALSE
657,0,3,"male",7.9,"S",NA,NA,1,TRUE
658,0,3,"female",15.5,"Q",384,FALSE,3,FALSE
659,0,2,"male",13,"S",276,FALSE,1,TRUE
660,0,1,"male",113.3,"C",696,FALSE,3,FALSE
661,1,1,"male",133.7,"S",600,FALSE,3,FALSE
662,0,3,"male",7.2,"C",480,FALSE,1,TRUE
663,0,1,"male",25.6,"S",564,FALSE,1,TRUE
664,0,3,"male",7.5,"S",432,FALSE,1,TRUE
665,1,3,"male",7.9,"S",240,FALSE,2,FALSE
666,0,2,"male",73.5,"S",384,FALSE,3,FALSE
667,0,2,"male",13,"S",300,FALSE,1,TRUE
668,0,3,"male",7.8,"S",NA,NA,1,TRUE
669,0,3,"male",8.1,"S",516,FALSE,1,TRUE
670,1,1,"female",52,"S",NA,NA,2,FALSE
671,1,2,"female",39,"S",480,FALSE,3,FALSE
672,0,1,"male",52,"S",372,FALSE,2,FALSE
673,0,2,"male",10.5,"S",840,FALSE,1,TRUE
674,1,2,"male",13,"S",372,FALSE,1,TRUE
675,0,2,"male",0,"S",NA,NA,1,TRUE
676,0,3,"male",7.8,"S",216,TRUE,1,TRUE
677,0,3,"male",8.1,"S",294,FALSE,1,TRUE
678,1,3,"female",9.8,"S",216,TRUE,1,TRUE
679,0,3,"female",46.9,"S",516,FALSE,8,FALSE
680,1,1,"male",512.3,"C",432,FALSE,2,FALSE
681,0,3,"female",8.1,"Q",NA,NA,1,TRUE
682,1,1,"male",76.7,"C",324,FALSE,1,TRUE
683,0,3,"male",9.2,"S",240,FALSE,1,TRUE
684,0,3,"male",46.9,"S",168,TRUE,8,FALSE
685,0,2,"male",39,"S",720,FALSE,3,FALSE
686,0,2,"male",41.6,"C",300,FALSE,4,FALSE
687,0,3,"male",39.7,"S",168,TRUE,6,FALSE
688,0,3,"male",10.2,"S",228,TRUE,1,TRUE
689,0,3,"male",7.8,"S",216,TRUE,1,TRUE
690,1,1,"female",211.3,"S",180,TRUE,2,FALSE
691,1,1,"male",57,"S",372,FALSE,2,FALSE
692,1,3,"female",13.4,"C",48,TRUE,2,FALSE
693,1,3,"male",56.5,"S",NA,NA,1,TRUE
694,0,3,"male",7.2,"C",300,FALSE,1,TRUE
695,0,1,"male",26.6,"S",720,FALSE,1,TRUE
696,0,2,"male",13.5,"S",624,FALSE,1,TRUE
697,0,3,"male",8.1,"S",528,FALSE,1,TRUE
698,1,3,"female",7.7,"Q",NA,NA,1,TRUE
699,0,1,"male",110.9,"C",588,FALSE,3,FALSE
700,0,3,"male",7.7,"S",504,FALSE,1,TRUE
701,1,1,"female",227.5,"C",216,TRUE,2,FALSE
702,1,1,"male",26.3,"S",420,FALSE,1,TRUE
703,0,3,"female",14.5,"C",216,TRUE,2,FALSE
704,0,3,"male",7.7,"Q",300,FALSE,1,TRUE
705,0,3,"male",7.9,"S",312,FALSE,2,FALSE
706,0,2,"male",26,"S",468,FALSE,1,TRUE
707,1,2,"female",13.5,"S",540,FALSE,1,TRUE
708,1,1,"male",26.3,"S",504,FALSE,1,TRUE
709,1,1,"female",151.6,"S",264,FALSE,1,TRUE
710,1,3,"male",15.2,"C",NA,NA,3,FALSE
711,1,1,"female",49.5,"C",288,FALSE,1,TRUE
712,0,1,"male",26.6,"S",NA,NA,1,TRUE
713,1,1,"male",52,"S",576,FALSE,2,FALSE
714,0,3,"male",9.5,"S",348,FALSE,1,TRUE
715,0,2,"male",13,"S",624,FALSE,1,TRUE
716,0,3,"male",7.7,"S",228,TRUE,1,TRUE
717,1,1,"female",227.5,"C",456,FALSE,1,TRUE
718,1,2,"female",10.5,"S",324,FALSE,1,TRUE
719,0,3,"male",15.5,"Q",NA,NA,1,TRUE
720,0,3,"male",7.8,"S",396,FALSE,1,TRUE
721,1,2,"female",33,"S",72,TRUE,2,FALSE
722,0,3,"male",7.1,"S",204,TRUE,2,FALSE
723,0,2,"male",13,"S",408,FALSE,1,TRUE
724,0,2,"male",13,"S",600,FALSE,1,TRUE
725,1,1,"male",53.1,"S",324,FALSE,2,FALSE
726,0,3,"male",8.7,"S",240,FALSE,1,TRUE
727,1,2,"female",21,"S",360,FALSE,4,FALSE
728,1,3,"female",7.7,"Q",NA,NA,1,TRUE
729,0,2,"male",26,"S",300,FALSE,2,FALSE
730,0,3,"female",7.9,"S",300,FALSE,2,FALSE
731,1,1,"female",211.3,"S",348,FALSE,1,TRUE
732,0,3,"male",18.8,"C",132,TRUE,1,TRUE
733,0,2,"male",0,"S",NA,NA,1,TRUE
734,0,2,"male",13,"S",276,FALSE,1,TRUE
735,0,2,"male",13,"S",276,FALSE,1,TRUE
736,0,3,"male",16.1,"S",342,FALSE,1,TRUE
737,0,3,"female",34.4,"S",576,FALSE,5,FALSE
738,1,1,"male",512.3,"C",420,FALSE,1,TRUE
739,0,3,"male",7.9,"S",NA,NA,1,TRUE
740,0,3,"male",7.9,"S",NA,NA,1,TRUE
741,1,1,"male",30,"S",NA,NA,1,TRUE
742,0,1,"male",78.8,"S",432,FALSE,2,FALSE
743,1,1,"female",262.4,"C",252,FALSE,5,FALSE
744,0,3,"male",16.1,"S",288,FALSE,2,FALSE
745,1,3,"male",7.9,"S",372,FALSE,1,TRUE
746,0,1,"male",71,"S",840,FALSE,3,FALSE
747,0,3,"male",20.2,"S",192,TRUE,3,FALSE
748,1,2,"female",13,"S",360,FALSE,1,TRUE
749,0,1,"male",53.1,"S",228,TRUE,2,FALSE
750,0,3,"male",7.8,"Q",372,FALSE,1,TRUE
751,1,2,"female",23,"S",48,TRUE,3,FALSE
752,1,3,"male",12.5,"S",72,TRUE,2,FALSE
753,0,3,"male",9.5,"S",396,FALSE,1,TRUE
754,0,3,"male",7.9,"S",276,FALSE,1,TRUE
755,1,2,"female",65,"S",576,FALSE,4,FALSE
756,1,2,"male",14.5,"S",8,TRUE,3,FALSE
757,0,3,"male",7.8,"S",336,FALSE,1,TRUE
758,0,2,"male",11.5,"S",216,TRUE,1,TRUE
759,0,3,"male",8.1,"S",408,FALSE,1,TRUE
760,1,1,"female",86.5,"S",396,FALSE,1,TRUE
761,0,3,"male",14.5,"S",NA,NA,1,TRUE
762,0,3,"male",7.1,"S",492,FALSE,1,TRUE
763,1,3,"male",7.2,"C",240,FALSE,1,TRUE
764,1,1,"female",120,"S",432,FALSE,4,FALSE
765,0,3,"male",7.8,"S",192,TRUE,1,TRUE
766,1,1,"female",78,"S",612,FALSE,2,FALSE
767,0,1,"male",39.6,"C",NA,NA,1,TRUE
768,0,3,"female",7.8,"Q",366,FALSE,1,TRUE
769,0,3,"male",24.1,"Q",NA,NA,2,FALSE
770,0,3,"male",8.4,"S",384,FALSE,1,TRUE
771,0,3,"male",9.5,"S",288,FALSE,1,TRUE
772,0,3,"male",7.9,"S",576,FALSE,1,TRUE
773,0,2,"female",10.5,"S",684,FALSE,1,TRUE
774,0,3,"male",7.2,"C",NA,NA,1,TRUE
775,1,2,"female",23,"S",648,FALSE,5,FALSE
776,0,3,"male",7.8,"S",216,TRUE,1,TRUE
777,0,3,"male",7.8,"Q",NA,NA,1,TRUE
778,1,3,"female",12.5,"S",60,TRUE,1,TRUE
779,0,3,"male",7.7,"Q",NA,NA,1,TRUE
780,1,1,"female",211.3,"S",516,FALSE,2,FALSE
781,1,3,"female",7.2,"C",156,TRUE,1,TRUE
782,1,1,"female",57,"S",204,TRUE,2,FALSE
783,0,1,"male",30,"S",348,FALSE,1,TRUE
784,0,3,"male",23.4,"S",NA,NA,4,FALSE
785,0,3,"male",7,"S",300,FALSE,1,TRUE
786,0,3,"male",7.2,"S",300,FALSE,1,TRUE
787,1,3,"female",7.5,"S",216,TRUE,1,TRUE
788,0,3,"male",29.1,"Q",96,TRUE,6,FALSE
789,1,3,"male",20.6,"S",12,TRUE,4,FALSE
790,0,1,"male",79.2,"C",552,FALSE,1,TRUE
791,0,3,"male",7.8,"Q",NA,NA,1,TRUE
792,0,2,"male",26,"S",192,TRUE,1,TRUE
793,0,3,"female",69.6,"S",NA,NA,11,FALSE
794,0,1,"male",30.7,"C",NA,NA,1,TRUE
795,0,3,"male",7.9,"S",300,FALSE,1,TRUE
796,0,2,"male",13,"S",468,FALSE,1,TRUE
797,1,1,"female",25.9,"S",588,FALSE,1,TRUE
798,1,3,"female",8.7,"S",372,FALSE,1,TRUE
799,0,3,"male",7.2,"C",360,FALSE,1,TRUE
800,0,3,"female",24.1,"S",360,FALSE,3,FALSE
801,0,2,"male",13,"S",408,FALSE,1,TRUE
802,1,2,"female",26.2,"S",372,FALSE,3,FALSE
803,1,1,"male",120,"S",132,TRUE,4,FALSE
804,1,3,"male",8.5,"C",5,TRUE,2,FALSE
805,1,3,"male",7,"S",324,FALSE,1,TRUE
806,0,3,"male",7.8,"S",372,FALSE,1,TRUE
807,0,1,"male",0,"S",468,FALSE,1,TRUE
808,0,3,"female",7.8,"S",216,TRUE,1,TRUE
809,0,2,"male",13,"S",468,FALSE,1,TRUE
810,1,1,"female",53.1,"S",396,FALSE,2,FALSE
811,0,3,"male",7.9,"S",312,FALSE,1,TRUE
812,0,3,"male",24.1,"S",468,FALSE,1,TRUE
813,0,2,"male",10.5,"S",420,FALSE,1,TRUE
814,0,3,"female",31.3,"S",72,TRUE,7,FALSE
815,0,3,"male",8.1,"S",366,FALSE,1,TRUE
816,0,1,"male",0,"S",NA,NA,1,TRUE
817,0,3,"female",7.9,"S",276,FALSE,1,TRUE
818,0,2,"male",37,"C",372,FALSE,3,FALSE
819,0,3,"male",6.4,"S",516,FALSE,1,TRUE
820,0,3,"male",27.9,"S",120,TRUE,6,FALSE
821,1,1,"female",93.5,"S",624,FALSE,3,FALSE
822,1,3,"male",8.7,"S",324,FALSE,1,TRUE
823,0,1,"male",0,"S",456,FALSE,1,TRUE
824,1,3,"female",12.5,"S",324,FALSE,2,FALSE
825,0,3,"male",39.7,"S",24,TRUE,6,FALSE
826,0,3,"male",7,"Q",NA,NA,1,TRUE
827,0,3,"male",56.5,"S",NA,NA,1,TRUE
828,1,2,"male",37,"C",12,TRUE,3,FALSE
829,1,3,"male",7.8,"Q",NA,NA,1,TRUE
830,1,1,"female",80,"",744,FALSE,1,TRUE
831,1,3,"female",14.5,"C",180,TRUE,2,FALSE
832,1,2,"male",18.8,"S",10,TRUE,3,FALSE
833,0,3,"male",7.2,"C",NA,NA,1,TRUE
834,0,3,"male",7.9,"S",276,FALSE,1,TRUE
835,0,3,"male",8.3,"S",216,TRUE,1,TRUE
836,1,1,"female",83.2,"C",468,FALSE,3,FALSE
837,0,3,"male",8.7,"S",252,FALSE,1,TRUE
838,0,3,"male",8.1,"S",NA,NA,1,TRUE
839,1,3,"male",56.5,"S",384,FALSE,1,TRUE
840,1,1,"male",29.7,"C",NA,NA,1,TRUE
841,0,3,"male",7.9,"S",240,FALSE,1,TRUE
842,0,2,"male",10.5,"S",192,TRUE,1,TRUE
843,1,1,"female",31,"C",360,FALSE,1,TRUE
844,0,3,"male",6.4,"C",414,FALSE,1,TRUE
845,0,3,"male",8.7,"S",204,TRUE,1,TRUE
846,0,3,"male",7.6,"S",504,FALSE,1,TRUE
847,0,3,"male",69.6,"S",NA,NA,11,FALSE
848,0,3,"male",7.9,"C",420,FALSE,1,TRUE
849,0,2,"male",33,"S",336,FALSE,2,FALSE
850,1,1,"female",89.1,"C",NA,NA,2,FALSE
851,0,3,"male",31.3,"S",48,TRUE,7,FALSE
852,0,3,"male",7.8,"S",888,FALSE,1,TRUE
853,0,3,"female",15.2,"C",108,TRUE,3,FALSE
854,1,1,"female",39.4,"S",192,TRUE,2,FALSE
855,0,2,"female",26,"S",528,FALSE,2,FALSE
856,1,3,"female",9.3,"S",216,TRUE,2,FALSE
857,1,1,"female",164.9,"S",540,FALSE,3,FALSE
858,1,1,"male",26.6,"S",612,FALSE,1,TRUE
859,1,3,"female",19.3,"C",288,FALSE,4,FALSE
860,0,3,"male",7.2,"C",NA,NA,1,TRUE
861,0,3,"male",14.1,"S",492,FALSE,3,FALSE
862,0,2,"male",11.5,"S",252,FALSE,2,FALSE
863,1,1,"female",25.9,"S",576,FALSE,1,TRUE
864,0,3,"female",69.6,"S",NA,NA,11,FALSE
865,0,2,"male",13,"S",288,FALSE,1,TRUE
866,1,2,"female",13,"S",504,FALSE,1,TRUE
867,1,2,"female",13.9,"C",324,FALSE,2,FALSE
868,0,1,"male",50.5,"S",372,FALSE,1,TRUE
869,0,3,"male",9.5,"S",NA,NA,1,TRUE
870,1,3,"male",11.1,"S",48,TRUE,3,FALSE
871,0,3,"male",7.9,"S",312,FALSE,1,TRUE
872,1,1,"female",52.6,"S",564,FALSE,3,FALSE
873,0,1,"male",5,"S",396,FALSE,1,TRUE
874,0,3,"male",9,"S",564,FALSE,1,TRUE
875,1,2,"female",24,"C",336,FALSE,2,FALSE
876,1,3,"female",7.2,"C",180,TRUE,1,TRUE
877,0,3,"male",9.8,"S",240,FALSE,1,TRUE
878,0,3,"male",7.9,"S",228,TRUE,1,TRUE
879,0,3,"male",7.9,"S",NA,NA,1,TRUE
880,1,1,"female",83.2,"C",672,FALSE,2,FALSE
881,1,2,"female",26,"S",300,FALSE,2,FALSE
882,0,3,"male",7.9,"S",396,FALSE,1,TRUE
883,0,3,"female",10.5,"S",264,FALSE,1,TRUE
884,0,2,"male",10.5,"S",336,FALSE,1,TRUE
885,0,3,"male",7,"S",300,FALSE,1,TRUE
886,0,3,"female",29.1,"Q",468,FALSE,6,FALSE
887,0,2,"male",13,"S",324,FALSE,1,TRUE
888,1,1,"female",30,"S",228,TRUE,1,TRUE
889,0,3,"female",23.4,"S",NA,NA,4,FALSE
890,1,1,"male",30,"C",312,FALSE,1,TRUE
891,0,3,"male",7.8,"Q",384,FALSE,1,TRUE
